Brand,Rating,N_Reviews,Price,Screen_size,warranty,pixels,os,discount
Mi,4.4,"45,921 ","₹22,999",40,1,1920 x 1080,Google,23
Mi,4.4,"45,921 ","₹24,999",43,1,1920 x 1080,Google,30
OnePlus,4.3,"7,196 ","₹24,999",43,1,1920 x 1080,Android,21
iFFALCON,4.2,"2,206 ","₹19,999",43,1,3840 x 2160,Google,59
OnePlus,4.3,"7,196 ","₹15,999",32,1,1366 x 768,Android,27
LG,4.4,341 ,"₹15,990",32,2,1366 x 768,WebOS,33
SAMSUNG,4.3,"1,503 ","₹30,990",43,1,3840 x 2160,Tizen,41
Mi,4.3,"8,208 ","₹28,999",43,1,3840 x 2160,Google,32
OnePlus,4.3,"8,400 ","₹21,999",40,1,1920 x 1080,Android,26
Mi,4.3,"1,354 ","₹28,999",43,1,3840 x 2160,Android,32
BeethoSOL,4.1,180 ,"₹15,199",43,1,1920 x 1080,Android,69
Gangnam,4,22 ,"₹16,599",43,1,1920 x 1080,Android,66
realme,4.3,"4,092 ","₹24,999",43,1,3840 x 2160,Android,24
Mi,4.3,"7,372 ","₹21,999",40,1,1920 x 1080,Android,26
TCL,4.1,165 ,"₹24,990",43,2,3840 x 2160,Google,52
realme,4.3,"23,181 ","₹15,999",32,1,1366 x 768,Android,11
XElectron,4,2 ,"₹18,990",43,1,3840 x 2160,Android,45
Dyanora,4.1,517 ,"₹19,999",43,1,3840 x 2160,WebOS,47
realme,4.3,"23,181 ","₹18,999",40,1,1920 x 1080,Android,40
ONIDA,,,"₹22,999",43,1,3840 x 2160,Google,34
Cellecor,2.9,2 ,"₹16,199",40,2,1366 x 768,Android,37
Cellecor,,,"₹21,499",43,2,1920 x 1080,Android,40
SAMSUNG,4.4,"2,520 ","₹33,990",43,1,3840 x 2160,Tizen,38
Acer,4.3,"2,520 ","₹26,999",50,2,3840 x 2160,Android,34
SAMSUNG,4.4,"2,520 ","₹47,990",55,1,3840 x 2160,Tizen,34
TOSHIBA,4.3,359 ,"₹30,999",50,2,3840 x 2160,Google,43
Mi,4.4,"45,921 ","₹22,999",40,1,1920 x 1080,Google,23
Mi,4.3,"8,208 ","₹28,999",43,1,3840 x 2160,Google,32
Mi,4.4,"45,921 ","₹24,999",43,1,1920 x 1080,Google,30
SONY,4.6,"1,963 ","₹41,990",43,1,3840 x 2160,Google,39
BeethoSOL,4.1,180 ,"₹15,199",43,1,1920 x 1080,Android,69
Gangnam,4,22 ,"₹16,599",43,1,1920 x 1080,Android,66
Thomson,4.5,"8,390 ","₹22,999",43,1,3840 x 2160,Google,36
CANDY,4.4,44 ,"₹18,999",43,2,3840 x 2160,Google,47
Mi,4.3,"1,354 ","₹34,999",50,1,3840 x 2160,Android,22
Compaq,4.2,485 ,"₹22,999",50,1,3840 x 2160,Android,47
XElectron,4,2 ,"₹18,990",43,1,3840 x 2160,Android,45
Dyanora,4.1,517 ,"₹19,999",43,1,3840 x 2160,WebOS,47
Vu,4.4,"2,154 ","₹34,999",50,1,3840 x 2160,Google,36
Acer,4.3,"2,520 ","₹15,499",32,1,1366 x 768,Google,26
Cellecor,2.9,2 ,"₹16,199",40,2,1366 x 768,Android,37
Cellecor,,,"₹21,499",43,2,1920 x 1080,Android,40
CANDY,4.4,44 ,"₹27,999",55,2,3840 x 2160,Google,39
TOSHIBA,4.3,359 ,"₹35,999",55,2,3840 x 2160,Google,39
Thomson,4.5,"8,390 ","₹30,999",55,1,3840 x 2160,Android,43
Infinix,4.1,882 ,"₹16,999",43,1,1920 x 1080,Android,37
Cellecor,,,"₹16,999",40,2,1920 x 1080,Android,34
SAMSUNG,4.4,"2,520 ","₹31,990",43,1,3840 x 2160,Tizen,33
MOTOROLA,4.3,777 ,"₹29,999",55,1,3840 x 2160,Android,45
Sansui,,,"₹27,990",50,1,3840 x 2160,Google,46
Mi,4.4,"45,921 ","₹24,999",43,1,1920 x 1080,Google,30
Mi,4.4,"45,921 ","₹22,999",40,1,1920 x 1080,Google,23
CANDY,4.4,24 ,"₹16,999",43,2,1920 x 1080,Android,41
TOSHIBA,4.3,232 ,"₹42,999",55,2,3840 x 2160,Google,46
Acer,4.3,"2,520 ","₹32,999",55,1,3840 x 2160,Google,45
SAMSUNG,4.3,"1,503 ","₹69,990",65,1,3840 x 2160,Tizen,29
Mi,4.3,"8,208 ","₹28,999",43,1,3840 x 2160,Google,32
BeethoSOL,4.1,180 ,"₹15,199",43,1,1920 x 1080,Android,69
OnePlus,4.4,"1,659 ","₹42,999",55,1,3840 x 2160,Android,28
CANDY,4.4,44 ,"₹24,999",50,2,3840 x 2160,Google,37
XElectron,4,2 ,"₹18,990",43,1,3840 x 2160,Android,45
Gangnam,4,22 ,"₹16,599",43,1,1920 x 1080,Android,66
TOSHIBA,4.3,359 ,"₹35,999",55,2,3840 x 2160,Google,39
Hisense,4.3,381 ,"₹32,999",50,2,3840 x 2160,Google,39
Mi,4.3,"2,583 ","₹32,999",43,1,3840 x 2160,Google,34
Hisense,4.2,307 ,"₹27,999",43,2,3840 x 2160,Google,37
Dyanora,4.1,517 ,"₹19,999",43,1,3840 x 2160,WebOS,47
Cellecor,2.9,2 ,"₹16,199",40,2,1366 x 768,Android,37
Thomson,4.3,"5,049 ","₹25,999",50,1,3840 x 2160,Android,39
LG,4.5,2 ,"₹32,490",43,2,3840 x 2160,WebOS,32
Cellecor,,,"₹21,499",43,2,1920 x 1080,Android,40
Cellecor,,,"₹16,999",40,2,1920 x 1080,Android,34
ONIDA,4.2,25 ,"₹32,999",55,1,3840 x 2160,Google,28
LG,4.5,333 ,"₹31,990",43,1,3840 x 2160,WebOS,46
SONY,4.6,23 ,"₹64,590",55,1,3840 x 2160,Google,35
SONY,4.6,6 ,"₹46,540",43,1,3840 x 2160,Google,22
Mi,4.4,"45,921 ","₹24,999",43,1,1920 x 1080,Google,30
Mi,4.4,"45,921 ","₹22,999",40,1,1920 x 1080,Google,23
LG,4.4,"1,931 ","₹44,990",55,2,3840 x 2160,WebOS,37
SAMSUNG,4.4,"2,520 ","₹71,990",65,1,3840 x 2160,Tizen,34
Mi,4.3,"8,208 ","₹28,999",43,1,3840 x 2160,Google,32
BeethoSOL,4.1,180 ,"₹15,199",43,1,1920 x 1080,Android,69
Sansui,4.1,78 ,"₹16,999",40,1,1920 x 1080,Android,41
SAMSUNG,4.4,208 ,"₹45,990",55,1,3840 x 2160,Tizen,34
Mi,4.3,"2,583 ","₹41,999",50,1,3840 x 2160,Google,30
Mi,4.4,59 ,"₹16,999",32,1,1366 x 768,Android,34
Gangnam,4,22 ,"₹16,599",43,1,1920 x 1080,Android,66
XElectron,4,2 ,"₹18,990",43,1,3840 x 2160,Android,45
LG,4.5,333 ,"₹49,990",55,2,3840 x 2160,WebOS,41
SAMSUNG,4.3,"1,503 ","₹29,990",43,1,3840 x 2160,Tizen,43
Dyanora,4.1,517 ,"₹19,999",43,1,3840 x 2160,WebOS,47
Cellecor,2.9,2 ,"₹16,199",40,2,1366 x 768,Android,37
Blaupunkt,4.6,"1,531 ","₹28,999",50,1,3840 x 2160,Google,30
SKYTRON,4,37 ,"₹28,999",55,1,3840 x 2160,WebOS,63
SONY,4.6,23 ,"₹60,790",50,1,3840 x 2160,Google,29
LG,4.4,585 ,"₹29,990",43,1,1920 x 1080,WebOS,34
Mi,4.3,"8,208 ","₹28,999",43,1,3840 x 2160,Google,32
Mi,4.4,"45,921 ","₹24,999",43,1,1920 x 1080,Google,30
Acer,4.3,"2,520 ","₹30,999",50,1,3840 x 2160,Google,38
SAMSUNG,4.4,"2,520 ","₹46,990",55,1,3840 x 2160,Tizen,33
Mi,4.4,"45,921 ","₹22,999",40,1,1920 x 1080,Google,23
BeethoSOL,4.1,180 ,"₹15,199",43,1,1920 x 1080,Android,69
Coocaa,4.3,643 ,"₹31,999",55,1,3840 x 2160,Android,56
ONIDA,4.2,25 ,"₹32,999",55,1,3840 x 2160,Google,28
SONY,4.6,6 ,"₹46,540",43,1,3840 x 2160,Google,22
TCL,4.3,35 ,"₹45,990",50,2,3840 x 2160,Google,60
XElectron,4,2 ,"₹18,990",43,1,3840 x 2160,Android,45
Gangnam,4,22 ,"₹16,599",43,1,1920 x 1080,Android,66
LG,3,0 ,"₹45,900",55,1,3840 x 2160,,36
KODAK,4.4,"6,156 ","₹43,999",65,1,3840 x 2160,Google,37
Dyanora,4.1,517 ,"₹19,999",43,1,3840 x 2160,WebOS,47
Cellecor,2.9,2 ,"₹16,199",40,2,1366 x 768,Android,37
SAMSUNG,4.3,"1,503 ","₹29,990",43,1,3840 x 2160,Tizen,43
Vu,4.4,"2,154 ","₹39,999",55,1,3840 x 2160,Google,38
Mi,4.3,"2,583 ","₹41,999",50,1,3840 x 2160,Google,30
Panasonic,4.2,438 ,"₹27,990",43,1,1366 x 768,Google,24
Cellecor,,,"₹21,499",43,2,1920 x 1080,Android,40
Cellecor,,,"₹16,999",40,2,1920 x 1080,Android,34
Vu,4.4,"2,154 ","₹55,999",65,1,3840 x 2160,Google,34
Vu,4.4,"2,154 ","₹29,999",43,1,3840 x 2160,Google,25
Mi,4.4,"45,921 ","₹24,999",43,1,1920 x 1080,Google,30
Mi,4.4,"45,921 ","₹22,999",40,1,1920 x 1080,Google,23
SONY,4.7,170 ,"₹54,990",50,1,3840 x 2160,Google,26
Compaq,3.8,51 ,"₹23,999",50,1,3840 x 2160,Android,56
KODAK,4.4,"6,156 ","₹29,999",55,1,3840 x 2160,Android,37
TCL,,,"₹37,999",55,2,3840 x 2160,Google,52
Mi,4.3,"8,208 ","₹28,999",43,1,3840 x 2160,Google,32
BeethoSOL,4.1,180 ,"₹15,199",43,1,1920 x 1080,Android,69
Mi,4.3,"2,583 ","₹47,999",55,1,3840 x 2160,Google,31
Sansui,4.4,42 ,"₹27,990",50,1,3840 x 2160,Android,38
XElectron,4,2 ,"₹18,990",43,1,3840 x 2160,Android,45
Gangnam,4,22 ,"₹16,599",43,1,1920 x 1080,Android,66
SONY,4.9,3 ,"₹83,590",55,1,3840 x 2160,Google,35
SAMSUNG,4.3,14 ,"₹16,490",32,1,1366 x 768,Tizen,27
ONIDA,,,"₹30,999",50,1,3840 x 2160,Google,29
KODAK,4.4,"6,156 ","₹27,999",50,1,3840 x 2160,Google,33
Dyanora,4.1,517 ,"₹19,999",43,1,3840 x 2160,WebOS,47
Cellecor,2.9,2 ,"₹16,199",40,2,1366 x 768,Android,37
KODAK,4.6,402 ,"₹35,999",55,1,3840 x 2160,Google,40
MOTOROLA,4.2,125 ,"₹49,999",65,1,3840 x 2160,Google,28
Cellecor,,,"₹21,499",43,2,1920 x 1080,Android,40
Cellecor,,,"₹16,999",40,2,1920 x 1080,Android,34
Thomson,4.5,"8,390 ","₹45,999",65,1,3840 x 2160,Google,34
Blaupunkt,4.6,"1,531 ","₹28,999",50,1,3840 x 2160,Google,30
ONIDA,4.5,6 ,"₹30,999",50,1,3840 x 2160,Google,29
Sansui,4.2,56 ,"₹37,499",55,1,3840 x 2160,Google,37
Mi,4.4,"45,921 ","₹24,999",43,1,1920 x 1080,Google,30
Mi,4.4,"45,921 ","₹22,999",40,1,1920 x 1080,Google,23
Hyundai,4.1,11 ,"₹29,990",43,1,3840 x 2160,WebOS,48
Vu,4.2,86 ,"₹20,490",43,1,1920 x 1080,Android,41
Mi,4.3,"8,208 ","₹28,999",43,1,3840 x 2160,Google,32
BeethoSOL,4.1,180 ,"₹15,199",43,1,1920 x 1080,Android,69
KODAK,4.4,"6,156 ","₹43,999",65,1,3840 x 2160,Google,37
Hisense,3.9,15 ,"₹36,999",50,2,3840 x 2160,Google,38
Vu,4.4,"2,154 ","₹39,999",55,1,3840 x 2160,Google,38
TOSHIBA,4.3,232 ,"₹59,999",65,2,3840 x 2160,Google,47
Gangnam,4,22 ,"₹16,599",43,1,1920 x 1080,Android,66
XElectron,4,2 ,"₹18,990",43,1,3840 x 2160,Android,45
LG,,,"₹15,555",32,1,366 x 768,,25
Mi,4.4,676 ,"₹1,44,999",75,1,3840 x 2160,Android,27
Dyanora,4.1,517 ,"₹19,999",43,1,3840 x 2160,WebOS,47
Cellecor,2.9,2 ,"₹16,199",40,2,1366 x 768,Android,37
Hisense,4.3,381 ,"₹43,999",55,2,3840 x 2160,Google,37
Hisense,4.2,307 ,"₹32,999",50,2,3840 x 2160,Google,39
Thomson,4.5,"8,390 ","₹45,999",65,1,3840 x 2160,Google,34
Mi,4.3,"2,583 ","₹46,999",55,1,3840 x 2160,Android,32
Cellecor,,,"₹21,499",43,2,1920 x 1080,Android,40
Cellecor,,,"₹16,999",40,2,1920 x 1080,Android,34
TOSHIBA,4.3,232 ,"₹59,999",65,2,3840 x 2160,Google,47
SONY,,,"₹1,89,990",55,2,3840 x 2160,Google,23
Mi,4.4,"45,921 ","₹24,999",43,1,1920 x 1080,Google,30
Mi,4.4,"45,921 ","₹22,999",40,1,1920 x 1080,Google,23
Haier,4.1,1 ,"₹32,999",43,1,3840 x 2160,Google,37
SAMSUNG,,,"₹53,990",55,1,3840 x 2160,Tizen,23
Infinix,4.2,55 ,"₹33,999",55,1,3840 x 2160,Android,43
KODAK,4.1,283 ,"₹31,999",55,1,3840 x 2160,Android,54
Mi,4.3,"8,208 ","₹28,999",43,1,3840 x 2160,Google,32
BeethoSOL,4.1,180 ,"₹15,199",43,1,1920 x 1080,Android,69
OnePlus,4.6,2 ,"₹15,690",32,1,1366 x 768,,34
Acer,4.5,125 ,"₹26,999",43,3,3840 x 2160,Android,27
Gangnam,4,22 ,"₹16,599",43,1,1920 x 1080,Android,66
XElectron,4,2 ,"₹18,990",43,1,3840 x 2160,Android,45
Thomson,4.5,"8,390 ","₹22,999",43,1,3840 x 2160,Android,42
SAMSUNG,4.6,0 ,"₹42,490",43,1,3840 x 2160,Tizen,34
Thomson,4.5,"8,390 ","₹24,999",50,1,3840 x 2160,Android,39
Mi,4.3,"8,208 ","₹61,999",65,1,3840 x 2160,Google,31
Dyanora,4.1,517 ,"₹19,999",43,1,3840 x 2160,WebOS,47
Cellecor,2.9,2 ,"₹16,199",40,2,1366 x 768,Android,37
SONY,4.6,23 ,"₹84,990",65,1,3840 x 2160,Google,39
LG,4.6,2 ,"₹25,999",32,1,1920 x 1080,,17
Cellecor,,,"₹21,499",43,2,1920 x 1080,Android,40
Cellecor,,,"₹16,999",40,2,1920 x 1080,Android,34
Hisense,4.3,381 ,"₹54,999",65,2,3840 x 2160,Google,44
Acer,4.3,"2,520 ","₹47,999",65,2,3840 x 2160,Android,39
Acer,4.4,4 ,"₹59,999",55,3,3840 x 2160,Android,39
TCL,4.2,4 ,"₹37,990",43,2,3840 x 2160,Google,38
Mi,4.3,"8,208 ","₹28,999",43,1,3840 x 2160,Google,32
Mi,4.4,"45,921 ","₹24,999",43,1,1920 x 1080,Google,30
SAMSUNG,4.3,"1,503 ","₹43,990",50,1,3840 x 2160,Tizen,35
SAMSUNG,4.4,"2,520 ","₹48,490",58,1,3840 x 2160,Tizen,40
Mi,4.4,"45,921 ","₹22,999",40,1,1920 x 1080,Google,23
BeethoSOL,4.1,180 ,"₹15,199",43,1,1920 x 1080,Android,69
LG,,,"₹69,990",65,1,3840 x 2160,,44
SENS,4.2,376 ,"₹22,999",43,1,3840 x 2160,Android,41
SAMSUNG,4.2,209 ,"₹58,990",43,1,3840 x 2160,Tizen,35
iFFALCON,4.3,"3,421 ","₹49,999",65,1,3840 x 2160,Android,53
Gangnam,4,22 ,"₹16,599",43,1,1920 x 1080,Android,66
XElectron,4,2 ,"₹18,990",43,1,3840 x 2160,Android,45
SAMSUNG,4.6,4 ,"₹43,990",43,1,3840 x 2160,Tizen,30
LG,4.9,0 ,"₹88,999",65,1,3840 x 2160,WebOS,61
Dyanora,4.1,517 ,"₹19,999",43,1,3840 x 2160,WebOS,47
Cellecor,2.9,2 ,"₹16,199",40,2,1366 x 768,Android,37
Mi,4.4,676 ,"₹59,999",55,1,3840 x 2160,Android,
Sansui,3.8,1 ,"₹52,990",65,1,3840 x 2160,,24
PHILIPS,4,18 ,"₹25,950",43,2,1920 x 1080,Linux,27
OnePlus,4.6,0 ,"₹34,444",50,1,3840 x 2160,Android,25
Mi,4.4,"45,921 ","₹24,999",43,1,1920 x 1080,Google,30
Mi,4.4,"45,921 ","₹22,999",40,1,1920 x 1080,Google,23
iFFALCON,4.3,438 ,"₹24,999",49,1,1920 x 1080,Android,39
SAMSUNG,,,"₹45,900",43,1,1920 x 1080,Tizen,
Mi,4.3,"8,208 ","₹28,999",43,1,3840 x 2160,Google,32
BeethoSOL,4.1,180 ,"₹15,199",43,1,1920 x 1080,Android,69
SONY,4.7,57 ,"₹84,990",65,1,3840 x 2160,Google,39
Coocaa,4.3,643 ,"₹24,999",50,1,3840 x 2160,Android,61
TCL,,,"₹39,950",55,3,3840 x 2161,Google,51
Blaupunkt,4.6,650 ,"₹39,999",55,1,3840 x 2160,Google,33
Gangnam,4,22 ,"₹16,599",43,1,1920 x 1080,Android,66
XElectron,4,2 ,"₹18,990",43,1,3840 x 2160,Android,45
Haier,,,"₹24,890",43,1,3840 x 2160,Google,19
SONY,4.9,2 ,"₹77,890",50,1,3840 x 2160,Google,32
Dyanora,4.1,517 ,"₹19,999",43,1,3840 x 2160,WebOS,47
Cellecor,2.9,2 ,"₹16,199",40,2,1366 x 768,Android,37
Haier,4.1,1 ,"₹39,999",50,1,3840 x 2160,Google,34
SONY,4.8,2 ,"₹1,79,900",65,1,3840 x 2160,Google,
iFFALCON,4.2,"2,206 ","₹49,999",65,1,3840 x 2160,Google,58
Hisense,4.3,381 ,"₹59,999",65,2,3840 x 2160,Google,40
Cellecor,,,"₹21,499",43,2,1920 x 1080,Android,40
Cellecor,,,"₹16,999",40,2,1920 x 1080,Android,34
Coocaa,4.3,643 ,"₹20,999",43,1,3840 x 2160,Android,61
Panasonic,4.3,"1,182 ","₹31,990",43,1,3840 x 2160,Google,25
Mi,4.4,"45,921 ","₹24,999",43,1,1920 x 1080,Google,30
Mi,4.4,"45,921 ","₹22,999",40,1,1920 x 1080,Google,23
SENS,4.2,376 ,"₹45,999",65,1,3840 x 2160,Android,34
SONY,4.7,78 ,"₹1,59,990",75,1,3840 x 2160,Google,46
OnePlus,4.5,12 ,"₹99,999",65,1,3840 x 2160,Google,37
Candes,4.1,12 ,"₹20,999",43,1,3840 x 2160,Android,56
Mi,4.3,"8,208 ","₹28,999",43,1,3840 x 2160,Google,32
BeethoSOL,4.1,180 ,"₹15,199",43,1,1920 x 1080,Android,69
TCL,,,"₹36,990",55,2,3840 x 2161,Google,38
SAMSUNG,2.8,1 ,"₹74,990",65,1,3840 x 2160,Tizen,48
Gangnam,4,22 ,"₹16,599",43,1,1920 x 1080,Android,66
XElectron,4,2 ,"₹18,990",43,1,3840 x 2160,Android,45
SAMSUNG,4.1,0 ,"₹1,58,500",65,1,3840 x 2160,Tizen,32
PHILIPS,4.2,97 ,"₹40,999",58,2,3840 x 2160,Linux,6
LG,4.3,6 ,"₹20,061",32,1,1366 x 768,WebOS,35
LG,,,"₹49,990",55,1,3840 x 2160,WebOS,41
Dyanora,4.1,517 ,"₹19,999",43,1,3840 x 2160,WebOS,47
Cellecor,2.9,2 ,"₹16,199",40,2,1366 x 768,Android,37
TCL,4.2,4 ,"₹47,990",50,2,3840 x 2160,Google,58
SAMSUNG,4.4,496 ,"₹28,990",43,1,1920 x 1080,Tizen,25
Cellecor,,,"₹21,499",43,2,1920 x 1080,Android,40
Cellecor,,,"₹16,999",40,2,1920 x 1080,Android,34
SAMSUNG,4.4,"2,520 ","₹33,990",43,1,3840 x 2160,Tizen,38
TCL,4.3,35 ,"₹44,990",50,2,3840 x 2160,Google,60
LG,4.2,11 ,"₹1,02,990",55,1,1920 x 1080,WebOS,
LG,4.4,115 ,"₹56,990",55,2,3840 x 2160,WebOS,40
Mi,4.4,"45,921 ","₹24,999",43,1,1920 x 1080,Google,30
Mi,4.4,"45,921 ","₹22,999",40,1,1920 x 1080,Google,23
SONY,4.5,4 ,"₹74,690",,1,3840 x 2160,Google,42
SAMSUNG,,,"₹79,990",65,1,3840 x 2160,Tizen,36
Mi,4.3,"8,208 ","₹28,999",43,1,3840 x 2160,Google,32
BeethoSOL,4.1,180 ,"₹15,199",43,1,1920 x 1080,Android,69
SONY,4.7,2 ,"₹1,63,999",55,1,3840 x 2160,Android,50
Acer,4.5,0 ,"₹33,999",50,1,,Google,32
SAMSUNG,4,6 ,"₹15,525",32,1,1366 x 768,Tizen,35
LG,4.7,0 ,"₹36,990",43,1,3840 x 2160,WebOS,36
XElectron,4,2 ,"₹18,990",43,1,3840 x 2160,Android,45
Gangnam,4,22 ,"₹16,599",43,1,1920 x 1080,Android,66
SAMSUNG,3.8,1 ,"₹49,990",55,1,3840 x 2160,Tizen,29
Coocaa,4.2,"1,233 ","₹25,490",32,1,1366 x 768,Linux,1
Dyanora,4.1,517 ,"₹19,999",43,1,3840 x 2160,WebOS,47
Cellecor,2.9,2 ,"₹16,199",40,2,1366 x 768,Android,37
Mi,4.3,"7,372 ","₹15,999",32,1,1366 x 768,Android,36
SONY,4.9,2 ,"₹76,990",50,1,3840 x 2160,Google,32
Acer,4.4,4 ,"₹79,999",65,3,3840 x 2160,Android,46
realme,4.3,337 ,"₹38,999",55,1,3840 x 2160,Android,44
Cellecor,,,"₹21,499",43,2,1920 x 1080,Android,40
Cellecor,,,"₹16,999",40,2,1920 x 1080,Android,34
LG,4.5,333 ,"₹68,990",65,2,3840 x 2160,WebOS,44
Thomson,4.5,"8,390 ","₹22,999",43,1,3840 x 2160,Android,42
Mi,4.3,"8,208 ","₹28,999",43,1,3840 x 2160,Google,32
Mi,4.4,"45,921 ","₹24,999",43,1,1920 x 1080,Google,30
SENS,4.2,376 ,"₹24,999",50,1,3840 x 2160,Android,48
Acer,4.5,0 ,"₹27,999",43,1,,Google,33
SAMSUNG,4.4,"2,520 ","₹80,990",65,1,3840 x 2160,Tizen,35
Hyundai,3.9,6 ,"₹22,990",43,1,1920 x 1080,Android,50
Mi,4.4,"45,921 ","₹22,999",40,1,1920 x 1080,Google,23
BeethoSOL,4.1,180 ,"₹15,199",43,1,1920 x 1080,Android,69
LG,4.3,127 ,"₹17,999",32,1,1366 x 768,WebOS,36
LG,4.4,115 ,"₹38,990",43,2,3840 x 2160,WebOS,37
Gangnam,4,22 ,"₹16,599",43,1,1920 x 1080,Android,66
XElectron,4,2 ,"₹18,990",43,1,3840 x 2160,Android,45
LG,4.4,"1,931 ","₹48,990",55,1,3840 x 2160,WebOS,38
SONY,5,1 ,"₹1,11,140",65,1,3840 x 2160,Google,32
LG,,,"₹84,990",65,1,3840 x 2160,WebOS,39
SONY,,,"₹2,49,990",75,1,3840 x 2160,Android,34
Dyanora,4.1,517 ,"₹19,999",43,1,3840 x 2160,WebOS,47
Cellecor,2.9,2 ,"₹16,199",40,2,1366 x 768,Android,37
SAMSUNG,4.3,7 ,"₹88,990",55,1,3840 x 2160,Tizen,45
SAMSUNG,4.3,"1,503 ","₹69,990",65,1,3840 x 2160,Tizen,40
Cellecor,,,"₹21,499",43,2,1920 x 1080,Android,40
Cellecor,,,"₹16,999",40,2,1920 x 1080,Android,34
Coocaa,4.2,96 ,"₹18,999",43,1,1920 x 1080,Google,65
SAMSUNG,4.4,"2,520 ","₹80,990",65,1,3840 x 2160,Tizen,35
Dyanora,4.1,517 ,"₹19,999",43,1,3840 x 2160,WebOS,47
Thomson,4.6,945 ,"₹59,999",65,1,3840 x 2160,Google,29
Mi,4.4,"45,921 ","₹24,999",43,1,1920 x 1080,Google,30
Mi,4.4,"45,921 ","₹22,999",40,1,1920 x 1080,Google,23
LG,4.3,127 ,"₹17,999",32,1,1366 x 768,WebOS,36
Blaupunkt,4.6,"1,531 ","₹32,999",55,1,3840 x 2160,Android,41
Mi,4.3,"8,208 ","₹28,999",43,1,3840 x 2160,Google,32
BeethoSOL,4.1,180 ,"₹15,199",43,1,1920 x 1080,Android,69
KODAK,4.4,"6,156 ","₹20,999",43,1,3840 x 2160,Android,44
LG,4.5,3 ,"₹16,599",32,1,1366 x 768,,21
SKYTRON,,,"₹18,999",43,1,3840 x 2160,WebOS,68
iFFALCON,4.3,65 ,"₹1,55,990",65,1,3840 x 2160,Android,
XElectron,4,2 ,"₹18,990",43,1,3840 x 2160,Android,45
Gangnam,4,22 ,"₹16,599",43,1,1920 x 1080,Android,66
LG,4.4,"1,931 ","₹48,990",55,1,3840 x 2160,WebOS,38
LG,4.6,8 ,"₹71,990",55,1,3840 x 2160,WebOS,52
Cellecor,2.9,2 ,"₹16,199",40,2,1366 x 768,Android,37
Cellecor,,,"₹21,499",43,2,1920 x 1080,Android,40
Compaq,4.2,485 ,"₹33,999",55,1,3840 x 2160,Android,30
SAMSUNG,,,"₹1,29,990",75,1,3840 x 2160,Tizen,51
Blaupunkt,4.4,"2,884 ","₹16,499",40,1,1080 x 1920,Android,38
LG,,,"₹1,99,990",65,1,3840 x 2160,WebOS,37
Mi,4.3,"8,208 ","₹28,999",43,1,3840 x 2160,Google,32
Mi,4.4,"45,921 ","₹24,999",43,1,1920 x 1080,Google,30
SAMSUNG,4.5,0 ,"₹30,890",43,1,1920 x 1080,Tizen,32
SONY,,,"₹2,99,990",65,1,3840 x 2160,Android,37
Mi,4.4,"45,921 ","₹22,999",40,1,1920 x 1080,Google,23
BeethoSOL,4.1,180 ,"₹15,199",43,1,1920 x 1080,Android,69
SAMSUNG,4.2,19 ,"₹18,690",32,1,1366 x 768,Tizen,24
PHILIPS,4.2,31 ,"₹79,990",50,2,3840 x 2160,Android,
SAMSUNG,4,1 ,"₹18,450",32,1,1366 x 768,Tizen,28
Thomson,4.5,"8,390 ","₹53,999",65,1,3840 x 2160,Android,23
Gangnam,4,22 ,"₹16,599",43,1,1920 x 1080,Android,66
XElectron,4,2 ,"₹18,990",43,1,3840 x 2160,Android,45
SONY,4.3,1 ,"₹2,59,999",65,1,3840 x 2160,Android,42
LG,,,"₹3,48,999",65,1,3840 x 2160,WebOS,30
Dyanora,4.1,517 ,"₹19,999",43,1,3840 x 2160,WebOS,47
Cellecor,2.9,2 ,"₹16,199",40,2,1366 x 768,Android,37
Lloyd,3.7,1 ,"₹29,999",55,1,3840 x 2160,Android,66
Coocaa,4.4,31 ,"₹32,999",55,1,3840 x 2160,Google,63
Panasonic,,,"₹99,840",65,1,3840 x 2160,Android,23
Panasonic,4.3,"1,182 ","₹31,990",43,1,3840 x 2160,Google,25
Cellecor,,,"₹21,499",43,2,1920 x 1080,Android,40
Cellecor,,,"₹16,999",40,2,1920 x 1080,Android,34
LG,4.5,9 ,"₹46,499",43,1,3840 x 2160,WebOS,38
SENS,4.4,69 ,"₹35,999",55,1,3840 x 2160,Google,39
Mi,4.4,"45,921 ","₹24,999",43,1,1920 x 1080,Google,30
Mi,4.4,"45,921 ","₹22,999",40,1,1920 x 1080,Google,23
TCL,4.1,165 ,"₹50,990",65,2,3840 x 2160,Google,59
SONY,5,1 ,"₹1,08,500",65,1,3840 x 2160,Google,34
LG,4.5,333 ,"₹49,990",55,1,3840 x 2160,WebOS,44
SAMSUNG,4.8,2 ,"₹1,44,900",55,1,3840 x 2160,Tizen,
Mi,4.3,"8,208 ","₹28,999",43,1,3840 x 2160,Google,32
BeethoSOL,4.1,180 ,"₹15,199",43,1,1920 x 1080,Android,69
Thomson,4.6,945 ,"₹40,999",55,1,3840 x 2160,Google,31
Micromax,4,76 ,"₹63,990",50,1,1920 x 1080,,1
Gangnam,4,22 ,"₹16,599",43,1,1920 x 1080,Android,66
XElectron,4,2 ,"₹18,990",43,1,3840 x 2160,Android,45
SAMSUNG,3.8,4 ,"₹24,990",43,1,1920 x 1080,Tizen,37
SAMSUNG,4.4,"2,520 ","₹49,990",55,1,3840 x 2160,Tizen,34
LG,4.8,1 ,"₹2,48,999",65,1,3840 x 2160,WebOS,39
SAMSUNG,4.2,209 ,"₹1,18,990",65,1,3840 x 2160,Tizen,46
Dyanora,4.1,517 ,"₹19,999",43,1,3840 x 2160,WebOS,47
Cellecor,2.9,2 ,"₹16,199",40,2,1366 x 768,Android,37
SAMSUNG,3.9,2 ,"₹2,40,900",55,1,3840 x 2160,Tizen,
LG,,,"₹3,48,999",65,1,3840 x 2160,WebOS,30
Cellecor,,,"₹21,499",43,2,1920 x 1080,Android,40
Cellecor,,,"₹16,999",40,2,1920 x 1080,Android,34
Thomson,4.5,"8,390 ","₹29,999",55,1,3840 x 2160,Android,40
LG,,,"₹1,89,990",65,1,7680 x 4320,WebOS,50
SONY,,,"₹82,480",55,1,3840 x 2160,Android,44
LG,4.6,5 ,"₹1,47,999",55,1,3840 x 2160,WebOS,27
Mi,4.4,"45,921 ","₹24,999",43,1,1920 x 1080,Google,30
Mi,4.4,"45,921 ","₹22,999",40,1,1920 x 1080,Google,23
SAMSUNG,,,"₹89,990",65,1,3840 x 2160,Tizen,34
LG,4.4,"1,931 ","₹71,990",65,2,3840 x 2160,WebOS,37
Mi,4.3,"8,208 ","₹28,999",43,1,3840 x 2160,Google,32
BeethoSOL,4.1,180 ,"₹15,199",43,1,1920 x 1080,Android,69
SAMSUNG,4.4,0 ,"₹1,28,900",49,1,3840 x 2160,Tizen,
SAMSUNG,2.5,0 ,"₹52,890",55,1,3840 x 2160,Tizen,33
SAMSUNG,,,"₹64,990",55,1,3840 x 2160,Tizen,31
SAMSUNG,4.2,209 ,"₹90,990",55,1,3840 x 2160,Tizen,37
Gangnam,4,22 ,"₹16,599",43,1,1920 x 1080,Android,66
XElectron,4,2 ,"₹18,990",43,1,3840 x 2160,Android,45
IMPEX,,,"₹25,990",43,2,,Google,49
Hisense,4.3,231 ,"₹24,990",43,2,3840 x 2160,Android,41
Dyanora,4.1,517 ,"₹19,999",43,1,3840 x 2160,WebOS,47
Cellecor,2.9,2 ,"₹16,199",40,2,1366 x 768,Android,37
SAMSUNG,3.4,2 ,"₹1,28,900",49,1,3840 x 2160,Tizen,
LG,4.8,7 ,"₹1,40,520",55,1,3840 x 2160,WebOS,15
SAMSUNG,4.5,0 ,"₹54,990",55,1,3840 x 2160,Tizen,36
LG,,,"₹94,990",70,1,3840 x 2160,WebOS,42
Cellecor,,,"₹21,499",43,2,1920 x 1080,Android,40
Cellecor,,,"₹16,999",40,2,1920 x 1080,Android,34
SONY,4.7,2 ,"₹94,900",,1,3840 x 2160,Google,44
SAMSUNG,3,1 ,"₹2,03,900",55,1,3840 x 2160,Tizen,
Mi,4.3,"8,208 ","₹28,999",43,1,3840 x 2160,Google,32
Mi,4.4,"45,921 ","₹24,999",43,1,1920 x 1080,Google,30
Vu,4.4,"4,128 ","₹30,999",50,1,3840 x 2160,Android,31
SAMSUNG,3.8,0 ,"₹29,900",32,1,1366 x 768,,
LG,,,"₹79,999",65,1,3840 x 2160,WebOS,37
LG,3.3,0 ,"₹2,28,491",65,1,3840 x 2160,WebOS,10
Mi,4.4,"45,921 ","₹22,999",40,1,1920 x 1080,Google,23
BeethoSOL,4.1,180 ,"₹15,199",43,1,1920 x 1080,Android,69
LG,,,"₹1,29,990",75,1,3840 x 2160,WebOS,51
TCL,4.4,4 ,"₹1,09,990",65,2,3840 x 2160,Android,
XElectron,4,2 ,"₹18,990",43,1,3840 x 2160,Android,45
Gangnam,4,22 ,"₹16,599",43,1,1920 x 1080,Android,66
LG,,,"₹4,98,990",75,1,3840 x 2160,WebOS,
Mi,4.4,"45,921 ","₹19,999",40,1,1920 x 1080,Android,
Nokia,4.3,393 ,"₹32,999",50,1,3840 x 2160,Android,39
Haier,,,"₹59,990",65,2,3840 x 2160,,40
Dyanora,4.1,517 ,"₹19,999",43,1,3840 x 2160,WebOS,47
Cellecor,2.9,2 ,"₹16,199",40,2,1366 x 768,Android,37
Acer,4.1,3 ,"₹15,890",32,2,1366 x 768,Google,33
SAMSUNG,5,0 ,"₹33,990",43,1,1920 x 1080,Tizen,34
Cellecor,,,"₹21,499",43,2,1920 x 1080,Android,40
Cellecor,,,"₹16,999",40,2,1920 x 1080,Android,34
SAMSUNG,,,"₹2,94,900",65,1,3840 x 2160,Tizen,
Panasonic,,,"₹53,890",55,1,3840 x 2160,,29
SAMSUNG,4.1,2 ,"₹59,790",55,1,3840 x 2160,Tizen,33
SONY,4.7,78 ,"₹94,990",65,1,3840 x 2160,Google,47
Mi,4.3,"8,208 ","₹28,999",43,1,3840 x 2160,Google,32
Mi,4.4,"45,921 ","₹24,999",43,1,1920 x 1080,Google,30
SAMSUNG,4.2,3 ,"₹29,300",43,1,1920 x 1080,Tizen,27
Hisense,4.3,92 ,"₹54,999",55,2,3840 x 2160,VIDAA,31
Mi,4.4,"45,921 ","₹22,999",40,1,1920 x 1080,Google,23
BeethoSOL,4.1,180 ,"₹15,199",43,1,1920 x 1080,Android,69
SONY,4.7,57 ,"₹84,990",65,1,3840 x 2160,Google,39
SONY,,,"₹1,54,990",75,1,3840 x 2160,Android,42
MOTOROLA,4.4,217 ,"₹34,999",43,1,3840 x 2160,Android,30
KODAK,4.3,"1,829 ","₹28,999",55,1,3840 x 2160,Android,27
Gangnam,4,22 ,"₹16,599",43,1,1920 x 1080,Android,66
XElectron,4,2 ,"₹18,990",43,1,3840 x 2160,Android,45
IMPEX,,,"₹40,990",55,,3840 x 2160,Google,43
LG,4.5,7 ,"₹1,55,999",55,1,3840 x 2160,WebOS,27
Dyanora,4.1,517 ,"₹19,999",43,1,3840 x 2160,WebOS,47
Cellecor,2.9,2 ,"₹16,199",40,2,1366 x 768,Android,37
LG,,,"₹2,41,999",65,1,3840 x 2160,WebOS,28
BPL,4.7,0 ,"₹21,208",43,1,1920 x 1080,Android,46
LG,4.3,109 ,"₹17,541",32,1,1366 x 768,Linux,26
KODAK,4.4,"6,156 ","₹27,999",50,1,3840 x 2160,Android,39
Mi,4.4,"45,921 ","₹24,999",43,1,1920 x 1080,Google,30
Mi,4.4,"45,921 ","₹22,999",40,1,1920 x 1080,Google,23
SAMSUNG,4.2,3 ,"₹29,300",43,1,1920 x 1080,Tizen,27
SAMSUNG,4.5,11 ,"₹1,03,900",55,1,3840 x 2160,Tizen,
Mi,4.3,"8,208 ","₹28,999",43,1,3840 x 2160,Google,32
BeethoSOL,4.1,180 ,"₹15,199",43,1,1920 x 1080,Android,69
LG,4.2,0 ,"₹36,990",43,1,3840 x 2160,,37
Hisense,4.3,92 ,"₹76,999",65,2,3840 x 2160,VIDAA,29
SONY,5,1 ,"₹4,68,999",65,1,3840 x 2160,Android,11
iFFALCON,4.2,408 ,"₹26,990",32,1,1366 x 768,Android,
Gangnam,4,22 ,"₹16,599",43,1,1920 x 1080,Android,66
XElectron,4,2 ,"₹18,990",43,1,3840 x 2160,Android,45
LG,,,"₹2,61,999",65,1,3840 x 2160,WebOS,28
LG,4.4,"1,931 ","₹65,990",65,2,3840 x 2160,WebOS,42
Dyanora,4.1,517 ,"₹19,999",43,1,3840 x 2160,WebOS,47
Cellecor,2.9,2 ,"₹16,199",40,2,1366 x 768,Android,37
OnePlus,4.4,163 ,"₹31,999",43,1,3840 x 2160,Android,20
SONY,4.6,4 ,"₹97,490",65,1,3840 x 2160,Android,40
SONY,4.5,29 ,"₹45,110",43,1,3840 x 2160,Google,35
SAMSUNG,4.8,1 ,"₹49,990",50,1,3840 x 2160,Tizen,31
Cellecor,,,"₹21,499",43,2,1920 x 1080,Android,40
Cellecor,,,"₹16,999",40,2,1920 x 1080,Android,34
SAMSUNG,,,"₹2,38,999",75,1,3840 x 2160,Tizen,39
LG,,,"₹16,399",32,1,366 x 768,,21
Mi,4.4,"45,921 ","₹24,999",43,1,1920 x 1080,Google,30
Mi,4.4,"45,921 ","₹22,999",40,1,1920 x 1080,Google,23
SAMSUNG,4.5,11 ,"₹1,03,900",55,1,3840 x 2160,Tizen,
SAMSUNG,,,"₹1,75,990",65,1,3840 x 2160,Tizen,29
Nokia,4.3,"3,162 ","₹16,999",32,1,1366 x 768,Android,15
Panasonic,4.3,25 ,"₹40,999",43,1,3840 x 2160,Linux,51
Mi,4.3,"8,208 ","₹28,999",43,1,3840 x 2160,Google,32
BeethoSOL,4.1,180 ,"₹15,199",43,1,1920 x 1080,Android,69
LG,4.4,13 ,"₹1,38,999",65,1,3840 x 2160,WebOS,60
TCL,4.6,6 ,"₹68,990",55,2,3840 x 2160,Android,71
Gangnam,4,22 ,"₹16,599",43,1,1920 x 1080,Android,66
XElectron,4,2 ,"₹18,990",43,1,3840 x 2160,Android,45
Haier,,,"₹27,400",43,1,1920 x 1080,Android,33
KODAK,4.4,"6,156 ","₹23,999",43,1,3840 x 2160,Android,40
SONY,4.5,12 ,"₹1,79,990",65,1,3840 x 2160,Android,
Hisense,3.9,2 ,"₹54,990",50,2,3840 x 2160,Google,
Dyanora,4.1,517 ,"₹19,999",43,1,3840 x 2160,WebOS,47
Cellecor,2.9,2 ,"₹16,199",40,2,1366 x 768,Android,37
SAMSUNG,3.8,0 ,"₹49,990",50,1,3840 x 2160,,36
Panasonic,4.1,2 ,"₹68,999",55,1,3840 x 2160,Linux,37
Cellecor,,,"₹21,499",43,2,1920 x 1080,Android,40
Cellecor,,,"₹16,999",40,2,1920 x 1080,Android,34
PHILIPS,4.1,31 ,"₹88,900",58,2,3840 x 2160,Linux,1
Hisense,4.2,54 ,"₹22,999",43,2,1920 x 1080,Android,34
LG,,,"₹3,79,990",65,1,3840 x 2160,WebOS,
Panasonic,,,"₹34,990",43,1,3840 x 2160,,31
Mi,4.4,"45,921 ","₹24,999",43,1,1920 x 1080,Google,30
Mi,4.4,"45,921 ","₹22,999",40,1,1920 x 1080,Google,23
Panasonic,,,"₹30,149",43,1,3840 x 2160,,29
MarQ,4.1,919 ,"₹16,999",32,1,1366 x 768,Android,15
Mi,4.3,"8,208 ","₹28,999",43,1,3840 x 2160,Google,32
BeethoSOL,4.1,180 ,"₹15,199",43,1,1920 x 1080,Android,69
SONY,,,"₹2,64,990",65,1,3840 x 2160,,24
SONY,5,2 ,"₹1,64,990",75,1,3840 x 2160,Android,38
LG,4.4,115 ,"₹37,999",43,1,3840 x 2160,WebOS,36
SONY,4.5,176 ,"₹53,100",50,1,1920 x 1080,Linux,31
XElectron,4,2 ,"₹18,990",43,1,3840 x 2160,Android,45
Gangnam,4,22 ,"₹16,599",43,1,1920 x 1080,Android,66
Thomson,4.3,"5,049 ","₹29,999",43,1,3840 x 2160,Android,
LG,5,1 ,"₹1,89,990",65,1,3840 x 2160,,47
Dyanora,4.1,517 ,"₹19,999",43,1,3840 x 2160,WebOS,47
Cellecor,2.9,2 ,"₹16,199",40,2,1366 x 768,Android,37
LG,4,0 ,"₹89,999",42,1,3840 x 2160,,35
Blaupunkt,4.6,650 ,"₹99,999",75,1,3840 x 2160,Google,33
Sansui,4.2,56 ,"₹54,990",65,1,3840 x 2160,Google,31
SAMSUNG,,,"₹2,10,900",65,1,3840 x 2160,Tizen,39
Cellecor,,,"₹21,499",43,2,1920 x 1080,Android,40
Cellecor,,,"₹16,999",40,2,1920 x 1080,Android,34
MarQ,4.3,"1,064 ","₹28,999",43,1,3840 x 2160,Android,17
LG,,,"₹94,890",48,1,3840 x 2160,WebOS,38
Mi,4.4,"45,921 ","₹24,999",43,1,1920 x 1080,Google,30
Mi,4.4,"45,921 ","₹22,999",40,1,1920 x 1080,Google,23
SAMSUNG,3.9,0 ,"₹35,489",43,1,3840 x 2160,,25
LG,3.6,0 ,"₹54,990",55,3,3840 x 2160,,23
KODAK,4.4,"6,156 ","₹47,999",65,1,3840 x 2160,Android,31
Vu,3.3,1 ,"₹1,46,990",75,3,3840 x 2160,Android,26
Mi,4.3,"8,208 ","₹28,999",43,1,3840 x 2160,Google,32
BeethoSOL,4.1,180 ,"₹15,199",43,1,1920 x 1080,Android,69
ONIDA,4.4,15 ,"₹36,999",55,1,3840 x 2160,VIDAA,46
Micromax,4.3,60 ,"₹66,990",50,1,1920 x 1080,,
Gangnam,4,22 ,"₹16,599",43,1,1920 x 1080,Android,66
XElectron,4,2 ,"₹18,990",43,1,3840 x 2160,Android,45
Lloyd,4.8,0 ,"₹16,890",32,,1366 x 768,,35
Nokia,4.3,"2,804 ","₹27,999",50,1,3840 x 2160,Android,49
LG,4.6,2 ,"₹36,990",43,1,3840 x 2160,,38
SAMSUNG,,,"₹3,20,890",65,1,7680 x 4320,Tizen,30
Dyanora,4.1,517 ,"₹19,999",43,1,3840 x 2160,WebOS,47
Cellecor,2.9,2 ,"₹16,199",40,2,1366 x 768,Android,37
LG,5,0 ,"₹37,890",43,1,3840 x 2160,,36
LG,4.3,57 ,"₹1,69,990",48,1,3840 x 2160,WebOS,
Cellecor,,,"₹21,499",43,2,1920 x 1080,Android,40
Cellecor,,,"₹16,999",40,2,1920 x 1080,Android,34
SONY,4.8,1 ,"₹58,900",50,1,3840 x 2160,,30
SONY,,,"₹1,43,999",65,1,3840 x 2160,Android,37
SONY,,,"₹5,13,990",85,1,3840 x 2160,Android,42
Hyundai,4.5,2 ,"₹34,990",39,1,1366 x 768,Android,
Mi,4.4,"45,921 ","₹24,999",43,1,1920 x 1080,Google,30
Mi,4.4,"45,921 ","₹22,999",40,1,1920 x 1080,Google,23
BPL,3,0 ,"₹35,990",55,2,3840 x 2160,Android,50
LG,,,"₹16,999",32,2,,,45
Mi,4.3,"8,208 ","₹28,999",43,1,3840 x 2160,Google,32
BeethoSOL,4.1,180 ,"₹15,199",43,1,1920 x 1080,Android,69
Haier,,,"₹34,500",50,1,3840 x 2160,,46
Compaq,4.2,485 ,"₹30,999",50,1,3840 x 2160,Android,29
TCL,4.3,163 ,"₹29,990",32,2,1366 x 768,Android,
SAMSUNG,,,"₹1,77,990",55,1,3840 x 2160,Tizen,13
XElectron,4,2 ,"₹18,990",43,1,3840 x 2160,Android,45
Gangnam,4,22 ,"₹16,599",43,1,1920 x 1080,Android,66
SAMSUNG,4.2,0 ,"₹38,999",43,1,3840 x 2160,Tizen,34
Haier,,,"₹70,990",65,1,3840 x 2160,Google,38
Dyanora,4.1,517 ,"₹19,999",43,1,3840 x 2160,WebOS,47
Cellecor,2.9,2 ,"₹16,199",40,2,1366 x 768,Android,37
SONY,,,"₹39,000",43,1,1920 x 1080,Google,39
MOTOROLA,4.3,777 ,"₹33,000",43,1,1920 x 1080,Android,
SAMSUNG,4.8,0 ,"₹77,990",55,1,3840 x 2160,Tizen,36
Haier,4.2,25 ,"₹28,900",43,2,3840 x 2160,Android,34
Mi,4.4,"45,921 ","₹24,999",43,1,1920 x 1080,Google,30
Mi,4.4,"45,921 ","₹22,999",40,1,1920 x 1080,Google,23
SAMSUNG,,,"₹1,05,990",50,1,3840 x 2160,Tizen,22
PHILIPS,4.3,4 ,"₹26,999",32,2,1366 x 768,Android,3
Mi,4.3,"8,208 ","₹28,999",43,1,3840 x 2160,Google,32
BeethoSOL,4.1,180 ,"₹15,199",43,1,1920 x 1080,Android,69
KODAK,4.4,"9,025 ","₹17,499",42,1,1080 x 1920,Android,38
Compaq,4.2,485 ,"₹34,999",40,1,1920 x 1080,Android,
LG,4.6,3 ,"₹26,990",32,1,1920 x 1080,WebOS,20
SAMSUNG,4.1,0 ,"₹43,999",43,1,3840 x 2160,Tizen,30
Gangnam,4,22 ,"₹16,599",43,1,1920 x 1080,Android,66
XElectron,4,2 ,"₹18,990",43,1,3840 x 2160,Android,45
LG,,,"₹16,999",32,2,,,45
Aiwa,,,"₹1,09,990",65,1,,,
Dyanora,4.1,517 ,"₹19,999",43,1,3840 x 2160,WebOS,47
Cellecor,2.9,2 ,"₹16,199",40,2,1366 x 768,Android,37
Thomson,4.5,"8,390 ","₹79,999",75,1,3840 x 2160,Android,46
MOTOROLA,4.3,336 ,"₹63,999",55,1,3840 x 2160,Android,
KODAK,4.4,"9,025 ","₹16,490",43,1,1920 x 1080,Android,34
SAMSUNG,,,"₹1,39,990",75,1,3840 x 2160,,41
Cellecor,,,"₹21,499",43,2,1920 x 1080,Android,40
Cellecor,,,"₹16,999",40,2,1920 x 1080,Android,34
Panasonic,,,"₹36,900",42,1,1920 x 1080,,14
Thomson,4.3,"5,049 ","₹19,999",43,1,3840 x 2160,Android,41
Mi,4.4,"45,921 ","₹24,999",43,1,1920 x 1080,Google,30
Mi,4.4,"45,921 ","₹22,999",40,1,1920 x 1080,Google,23
Aiwa,,,"₹29,990",32,1,,,
KODAK,4.3,"1,829 ","₹19,499",43,1,3840 x 2160,Android,32
LIMEBERRY,,,"₹49,499",50,1,3840 x 2160,Android,45
Panasonic,,,"₹66,390",55,1,3840 x 2160,Android,26
Mi,4.3,"8,208 ","₹28,999",43,1,3840 x 2160,Google,32
BeethoSOL,4.1,180 ,"₹15,199",43,1,1920 x 1080,Android,69
Panasonic,,,"₹34,980",43,1,,,23
Haier,,,"₹1,08,990",65,2,3840 x 2160,Android,
Gangnam,4,22 ,"₹16,599",43,1,1920 x 1080,Android,66
XElectron,4,2 ,"₹18,990",43,1,3840 x 2160,Android,45
LG,4.3,2 ,"₹1,49,890",55,1,3840 x 2160,,44
Sansui,,,"₹65,990",70,1,3840 x 2160,Google,31
SAMSUNG,,,"₹99,999",65,1,3840 x 2160,Tizen,31
LG,,,"₹1,39,990",75,1,3840 x 2160,WebOS,50
Dyanora,4.1,517 ,"₹19,999",43,1,3840 x 2160,WebOS,47
Cellecor,2.9,2 ,"₹16,199",40,2,1366 x 768,Android,37
LIMEBERRY,,,"₹18,149",43,1,,Android,45
TRUSENSE,,,"₹39,999",55,1,3840 x 2160,WebOS,20
Cellecor,,,"₹21,499",43,2,1920 x 1080,Android,40
Cellecor,,,"₹16,999",40,2,1920 x 1080,Android,34
Sansui,,,"₹55,990",65,1,3840 x 2160,,30
Panasonic,,,"₹51,989",55,1,,Android,23
LG,,,"₹1,09,990",55,1,3840 x 2160,WebOS,52
LG,4.3,55 ,"₹58,900",43,1,1920 x 1080,,
Mi,4.4,"45,921 ","₹24,999",43,1,1920 x 1080,Google,30
Mi,4.4,"45,921 ","₹22,999",40,1,1920 x 1080,Google,23
smart,,,"₹28,498",50,,3840 x 2160,Android,22
SAMSUNG,3.8,5 ,"₹49,990",50,1,3840 x 2160,Tizen,29
Mi,4.3,"8,208 ","₹28,999",43,1,3840 x 2160,Google,32
BeethoSOL,4.1,180 ,"₹15,199",43,1,1920 x 1080,Android,69
LG,4.9,1 ,"₹53,990",55,1,3840 x 2160,WebOS,43
SAMSUNG,4,8 ,"₹16,400",32,1,1366 x 768,,34
SONY,,,"₹1,70,990",65,1,3840 x 2160,Google,25
LG,4.4,13 ,"₹98,999",55,1,3840 x 2160,WebOS,44
Gangnam,4,22 ,"₹16,599",43,1,1920 x 1080,Android,66
XElectron,4,2 ,"₹18,990",43,1,3840 x 2160,Android,45
LG,4.1,15 ,"₹1,02,900",55,1,1920 x 1080,WebOS,
LG,4,0 ,"₹40,500",43,1,1920 x 1080,WebOS,7
Dyanora,4.1,517 ,"₹19,999",43,1,3840 x 2160,WebOS,47
Cellecor,2.9,2 ,"₹16,199",40,2,1366 x 768,Android,37
SAMSUNG,5,2 ,"₹1,53,900",55,1,3840 x 2160,Tizen,
SAMSUNG,,,"₹84,990",65,1,,Tizen,37
SAMSUNG,,,"₹2,99,990",65,1,7680 x 4320,Tizen,22
PHILIPS,,,"₹38,500",55,2,3840 x 2160,Android,57
Cellecor,,,"₹21,499",43,2,1920 x 1080,Android,40
Cellecor,,,"₹16,999",40,2,1920 x 1080,Android,34
CORNEA,,,"₹1,18,999",75,1,3840 x 2160,Android,40
iMEE,,,"₹29,999",43,1,1366 x 768,Android,25
Mi,4.4,"45,921 ","₹24,999",43,1,1920 x 1080,Google,30
Mi,4.4,"45,921 ","₹22,999",40,1,1920 x 1080,Google,23
Sansui,,,"₹1,89,990",86,1,3840 x 2160,Android,13
Blaupunkt,4.4,"2,884 ","₹16,999",,1,1920 x 1080,Android,41
LG,4.5,333 ,"₹69,990",65,1,3840 x 2160,WebOS,46
LIMEBERRY,,,"₹76,999",65,1,3840 x 2160,Android,45
Mi,4.3,"8,208 ","₹28,999",43,1,3840 x 2160,Google,32
BeethoSOL,4.1,180 ,"₹15,199",43,1,1920 x 1080,Android,69
TCL,4,0 ,"₹78,999",65,1,3840 x 2160,Android,47
LIMEBERRY,,,"₹18,699",43,1,,Android,45
Gangnam,4,22 ,"₹16,599",43,1,1920 x 1080,Android,66
XElectron,4,2 ,"₹18,990",43,1,3840 x 2160,Android,45
BITPRO,,,"₹44,191",60,1,3840 x 2160,Android,27
Sansui,,,"₹37,500",55,1,3840 x 2160,Android,37
ONIDA,,,"₹89,999",75,1,3840 x 2160,Google,9
LG,,,"₹59,990",55,1,3840 x 2160,,50
Dyanora,4.1,517 ,"₹19,999",43,1,3840 x 2160,WebOS,47
Cellecor,2.9,2 ,"₹16,199",40,2,1366 x 768,Android,37
iFFALCON,4.2,1 ,"₹1,79,990",55,1,3840 x 2160,Android,
Haier,,,"₹16,500",32,1,,,41
Cellecor,,,"₹21,499",43,2,1920 x 1080,Android,40
Cellecor,,,"₹16,999",40,2,1920 x 1080,Android,34
SAMSUNG,4.5,670 ,"₹77,990",55,1,3840 x 2160,Tizen,39
SAMSUNG,,,"₹2,74,990",75,1,3840 x 2160,Tizen,28
LG,4.5,944 ,,49,1,3840 x 2160,WebOS,
smart,,,"₹27,899",50,,3840 x 2160,,24
Mi,4.4,"45,921 ","₹24,999",43,1,1920 x 1080,Google,30
Mi,4.4,"45,921 ","₹22,999",40,1,1920 x 1080,Google,23
LG,4.2,20 ,"₹19,900",32,1,1366 x 768,,9
SONY,,,"₹2,40,999",65,2,3840 x 2160,Google,31
Mi,4.3,"8,208 ","₹28,999",43,1,3840 x 2160,Google,32
BeethoSOL,4.1,180 ,"₹15,199",43,1,1920 x 1080,Android,69
iMEE,,,"₹29,999",43,1,1920 x 1080,Android,26
smart,,,"₹27,898",50,,3840 x 2160,,24
smart,,,"₹27,498",50,,3840 x 2160,,25
Infinix,4.2,"2,220 ","₹20,999",40,1,1920 x 1080,Android,22
Gangnam,4,22 ,"₹16,599",43,1,1920 x 1080,Android,66
XElectron,4,2 ,"₹18,990",43,1,3840 x 2160,Android,45
Blaupunkt,4.4,"2,884 ","₹18,499",43,1,1080 x 1920,Android,38
smart,,,"₹27,899",50,,3840 x 2160,,24
Dyanora,4.1,517 ,"₹19,999",43,1,3840 x 2160,WebOS,47
Cellecor,2.9,2 ,"₹16,199",40,2,1366 x 768,Android,37
smart,,,"₹27,898",50,,3840 x 2160,,24
CORNEA,,,"₹1,93,999",86,1,3840 x 2160,Android,35
smart,,,"₹27,898",50,,3840 x 2160,,24
LIMEBERRY,,,"₹1,09,999",75,1,3840 x 2160,Android,45
Mi,4.4,"45,921 ","₹24,999",43,1,1920 x 1080,Google,30
Mi,4.4,"45,921 ","₹22,999",40,1,1920 x 1080,Google,23
iMEE,,,"₹24,999",43,1,1920 x 1080,Android,39
IVEE,,,"₹25,990",43,,1920 x 1080,Android,48
Mi,4.3,"8,208 ","₹28,999",43,1,3840 x 2160,Google,32
BeethoSOL,4.1,180 ,"₹15,199",43,1,1920 x 1080,Android,69
SAMSUNG,,,"₹1,04,990",65,1,3840 x 2160,Tizen,52
Blaupunkt,4.6,650 ,"₹56,999",65,1,3840 x 2160,Google,32
LIMEBERRY,,,"₹18,699",43,1,,Android,45
Mi,4.4,"21,206 ","₹16,499",32,1,1366 x 768,Android,17
Gangnam,4,22 ,"₹16,599",43,1,1920 x 1080,Android,66
XElectron,4,2 ,"₹18,990",43,1,3840 x 2160,Android,45
Dyanora,4.2,13 ,"₹19,999",43,1,3840 x 2160,Android,47
DACS,,,"₹39,999",55,1,3840 x 2160,WebOS,19
Dyanora,4.1,517 ,"₹19,999",43,1,3840 x 2160,WebOS,47
Cellecor,2.9,2 ,"₹16,199",40,2,1366 x 768,Android,37
SAMSUNG,,,"₹6,54,990",85,1,3840 x 2160,Tizen,18
SAMSUNG,,,"₹3,14,990",65,1,7680 x 4320,Tizen,8
Blaupunkt,4.4,"2,884 ","₹16,999",,1,1366 x 768,Android,29
iMEE,,,"₹18,999",40,1,1366 x 768,Android,36
Cellecor,,,"₹21,499",43,2,1920 x 1080,Android,40
Cellecor,,,"₹16,999",40,2,1920 x 1080,Android,34
CORNEA,,,"₹1,93,999",86,1,3840 x 2160,Android,35
SAMSUNG,,,"₹1,17,999",75,1,3840 x 2160,Tizen,50
Mi,4.4,"45,921 ","₹24,999",43,1,1920 x 1080,Google,30
Mi,4.4,"45,921 ","₹22,999",40,1,1920 x 1080,Google,23
TCL,,,"₹39,950",55,3,3840 x 2161,Google,51
Haier,4.1,1 ,"₹39,999",50,1,3840 x 2160,Google,34
LG,4.4,115 ,"₹38,990",43,2,3840 x 2160,WebOS,37
LG,4.6,0 ,"₹1,48,999",55,1,3840 x 2160,WebOS,35
Mi,4.3,"8,208 ","₹28,999",43,1,3840 x 2160,Google,32
BeethoSOL,4.1,180 ,"₹15,199",43,1,1920 x 1080,Android,69
LG,,,"₹18,459",32,1,1366 x 768,WebOS,11
iFFALCON,4.2,"4,161 ","₹18,999",32,1,1366 x 768,Android,
XElectron,4,2 ,"₹18,990",43,1,3840 x 2160,Android,45
Gangnam,4,22 ,"₹16,599",43,1,1920 x 1080,Android,66
SENS,4.2,376 ,"₹45,999",65,1,3840 x 2160,Android,34
TCL,,,"₹36,990",55,2,3840 x 2161,Google,38
SAMSUNG,2.8,1 ,"₹74,990",65,1,3840 x 2160,Tizen,48
TCL,4.3,35 ,"₹44,990",50,2,3840 x 2160,Google,60
Dyanora,4.1,517 ,"₹19,999",43,1,3840 x 2160,WebOS,47
Cellecor,2.9,2 ,"₹16,199",40,2,1366 x 768,Android,37
LG,4.2,11 ,"₹1,02,990",55,1,1920 x 1080,WebOS,
LG,4.4,115 ,"₹56,990",55,2,3840 x 2160,WebOS,40
Cellecor,,,"₹21,499",43,2,1920 x 1080,Android,40
Cellecor,,,"₹16,999",40,2,1920 x 1080,Android,34
Acer,4.5,0 ,"₹33,999",50,1,,Google,32
SAMSUNG,3.8,1 ,"₹49,990",55,1,3840 x 2160,Tizen,29
SONY,,,"₹41,090",43,1,1920 x 1080,,36
Haier,,,"₹36,990",50,1,,,43
Mi,4.4,"45,921 ","₹24,999",43,1,1920 x 1080,Google,30
Mi,4.4,"45,921 ","₹22,999",40,1,1920 x 1080,Google,23
TCL,4.1,165 ,"₹1,19,990",75,2,3840 x 2160,Google,53
iMEE,,,"₹24,999",43,1,1920 x 1080,Android,39
Mi,4.3,"8,208 ","₹28,999",43,1,3840 x 2160,Google,32
BeethoSOL,4.1,180 ,"₹15,199",43,1,1920 x 1080,Android,69
iMEE,,,"₹29,999",43,1,1366 x 768,Android,25
DACS,,,"₹28,999",43,1,3840 x 2160,WebOS,27
Cellecor,,,"₹20,899",43,2,1920 x 1080,Android,41
Acer,4.4,"1,180 ","₹33,999",55,1,3840 x 2160,Android,38
Gangnam,4,22 ,"₹16,599",43,1,1920 x 1080,Android,66
XElectron,4,2 ,"₹18,990",43,1,3840 x 2160,Android,45
SAMSUNG,3,1 ,"₹2,57,999",65,1,3840 x 2160,Tizen,38
LG,4.5,3 ,"₹1,43,038",55,1,,,52
Dyanora,4.1,517 ,"₹19,999",43,1,3840 x 2160,WebOS,47
Cellecor,2.9,2 ,"₹16,199",40,2,1366 x 768,Android,37
iFFALCON,4.5,10 ,"₹83,999",65,1,3840 x 2160,Android,55
Vu,3.3,1 ,"₹1,49,990",75,3,3840 x 2160,Android,25
JVC,,,"₹67,490",65,1,3840 x 2160,Android,32
SAMSUNG,,,"₹1,09,999",55,1,3840 x 2160,Tizen,49
Cellecor,,,"₹16,999",40,2,1920 x 1080,Android,34
SAMSUNG,,,"₹4,39,900",65,1,3840 x 2160,Tizen,
LG,,,"₹1,99,990",65,1,3840 x 2160,,37
LG,,,"₹89,990",70,1,3840 x 2160,WebOS,47
Mi,4.3,"8,208 ","₹28,999",43,1,3840 x 2160,Google,32
Mi,4.4,"45,921 ","₹24,999",43,1,1920 x 1080,Google,30
LG,4.4,"1,931 ","₹71,990",65,2,3840 x 2160,WebOS,37
SAMSUNG,4.4,0 ,"₹1,28,900",49,1,3840 x 2160,Tizen,
SAMSUNG,4.2,209 ,"₹90,990",55,1,3840 x 2160,Tizen,37
IMPEX,,,"₹25,990",43,2,,Google,49
Mi,4.4,"45,921 ","₹22,999",40,1,1920 x 1080,Google,23
BeethoSOL,4.1,180 ,"₹15,199",43,1,1920 x 1080,Android,69
Hisense,4.3,231 ,"₹24,990",43,2,3840 x 2160,Android,41
SAMSUNG,4.4,0 ,"₹29,990",43,1,1920 x 1080,Tizen,20
Gangnam,4,22 ,"₹16,599",43,1,1920 x 1080,Android,66
XElectron,4,2 ,"₹18,990",43,1,3840 x 2160,Android,45
SONY,,,"₹1,49,990",65,1,3840 x 2160,Google,37
SAMSUNG,3.8,0 ,"₹29,900",32,1,1366 x 768,,
LG,,,"₹1,29,990",75,1,3840 x 2160,WebOS,51
TCL,4.4,4 ,"₹1,09,990",65,2,3840 x 2160,Android,
Dyanora,4.1,517 ,"₹19,999",43,1,3840 x 2160,WebOS,47
Cellecor,2.9,2 ,"₹16,199",40,2,1366 x 768,Android,37
Nokia,4.3,393 ,"₹32,999",50,1,3840 x 2160,Android,39
SAMSUNG,,,"₹2,94,900",65,1,3840 x 2160,Tizen,
Cellecor,,,"₹21,499",43,2,1920 x 1080,Android,40
Cellecor,,,"₹16,999",40,2,1920 x 1080,Android,34
SONY,,,"₹82,559",55,1,3840 x 2160,,40
ndgo,,,"₹33,999",50,1,3860 x 2160,,49
LG,3.2,0 ,"₹38,900",,1,3840 x 2160,WebOS,28
Mi,4.4,"1,847 ","₹16,490",32,1,1366 x 768,Android,7
Mi,4.3,"8,208 ","₹28,999",43,1,3840 x 2160,Google,32
Mi,4.4,"45,921 ","₹24,999",43,1,1920 x 1080,Google,30
SAMSUNG,5,2 ,"₹2,73,900",55,1,3840 x 2160,Tizen,
Blaupunkt,4.4,"2,884 ","₹16,999",42,1,1920 x 1080,Android,43
Mi,4.4,"45,921 ","₹22,999",40,1,1920 x 1080,Google,23
BeethoSOL,4.1,180 ,"₹15,199",43,1,1920 x 1080,Android,69
Vu,3.7,1 ,"₹74,990",55,3,3840 x 2160,Android,6
SAMSUNG,,,"₹2,84,177",65,1,3840 x 2160,Tizen,13
SAMSUNG,,,"₹2,01,990",65,1,3840 x 2160,Tizen,27
SAMSUNG,,,"₹84,990",55,1,3840 x 2160,Tizen,50
Gangnam,4,22 ,"₹16,599",43,1,1920 x 1080,Android,66
XElectron,4,2 ,"₹18,990",43,1,3840 x 2160,Android,45
iMEE,,,"₹29,999",43,1,1920 x 1080,Android,26
Infinix,3.6,12 ,"₹20,999",43,1,3840 x 2160,WebOS,30
Dyanora,4.1,517 ,"₹19,999",43,1,3840 x 2160,WebOS,47
Cellecor,2.9,2 ,"₹16,199",40,2,1366 x 768,Android,37
SAMSUNG,,,"₹17,100",30,1,1366 x 768,,7
KODAK,4.4,"6,156 ","₹83,999",75,1,3840 x 2160,Android,44
JVC,,,"₹1,14,490",75,1,3840 x 2160,Android,32
LG,4.3,9 ,"₹23,247",32,1,1366 x 768,,16
Mi,4.4,"45,921 ","₹24,999",43,1,1920 x 1080,Google,30
Mi,4.4,"45,921 ","₹22,999",40,1,1920 x 1080,Google,23
TCL,4.4,108 ,"₹23,990",43,2,3840 x 2160,,53
Sanyo,3.9,21 ,"₹38,999",49,1,3840 x 2160,Linux,39
Mi,4.3,"8,208 ","₹28,999",43,1,3840 x 2160,Google,32
BeethoSOL,4.1,180 ,"₹15,199",43,1,1920 x 1080,Android,69
iFFALCON,,,"₹64,999",65,1,3840 x 2160,Google,60
TCL,4.3,35 ,"₹39,210",43,2,3840 x 2160,Google,34
realme,4.2,"5,431 ","₹28,799",43,1,1920 x 1080,Android,4
LG,2.7,2 ,"₹94,990",48,,3840 x 2160,,14
Gangnam,4,22 ,"₹16,599",43,1,1920 x 1080,Android,66
XElectron,4,2 ,"₹18,990",43,1,3840 x 2160,Android,45
iFFALCON,,,"₹28,999",43,1,3840 x 2160,Google,51
SAMSUNG,,,"₹1,72,999",65,1,3840 x 2160,,43
Dyanora,4.1,517 ,"₹19,999",43,1,3840 x 2160,WebOS,47
Cellecor,2.9,2 ,"₹16,199",40,2,1366 x 768,Android,37
ndgo,,,"₹19,999",40,1,1920 x 1080,,42
Haier,,,"₹25,990",32,1,1366 x 768,,
Power,,,"₹18,999",43,3,1920 x 1080,Android,52
BPL,4.3,2 ,"₹21,329",32,2,1366 x 768,Android,18
Cellecor,,,"₹21,499",43,2,1920 x 1080,Android,40
Cellecor,,,"₹16,999",40,2,1920 x 1080,Android,34
LG,4.7,54 ,"₹1,71,990",55,1,3840 x 2160,WebOS,21
Panwood,,,"₹15,437",43,1,1920 x 1080,,29
Mi,4.4,"45,921 ","₹24,999",43,1,1920 x 1080,Google,30
Mi,4.4,"45,921 ","₹22,999",40,1,1920 x 1080,Google,23
HARD,,,"₹17,990",43,1,1920 x 1080,Android,26
Acer,4.3,180 ,"₹89,890",75,1,3840 x 2160,Android,40
XElectron,4,2 ,"₹18,990",43,1,3840 x 2160,Android,45
Sharp,3.2,0 ,"₹24,950",32,1,1280 x 720,,4
Mi,4.3,"8,208 ","₹28,999",43,1,3840 x 2160,Google,32
BeethoSOL,4.1,180 ,"₹15,199",43,1,1920 x 1080,Android,69
LEEMA,,,"₹15,965",43,1,1920 x 1080,Android,62
iMEE,3.8,2 ,"₹16,999",32,1,1366 x 768,Android,15
Gangnam,4,22 ,"₹16,599",43,1,1920 x 1080,Android,66
Dyanora,4.1,517 ,"₹19,999",43,1,3840 x 2160,WebOS,47
TCL,4.4,9 ,"₹58,990",65,2,3840 x 2160,Android,50
Haier,,,"₹49,990",58,1,3840 x 2160,Android,45
Cellecor,2.9,2 ,"₹16,199",40,2,1366 x 768,Android,37
smart,,,"₹17,898",40,,1920 x 1080,,28
Cellecor,,,"₹21,499",43,2,1920 x 1080,Android,40
Cellecor,,,"₹16,999",40,2,1920 x 1080,Android,34
smart,,,"₹17,898",40,,1920 x 1080,,28
SAMSUNG,,,"₹1,69,990",65,1,3840 x 2160,Tizen,43
iMEE,,,"₹29,999",43,1,1920 x 1080,Android,26
iMEE,,,"₹15,499",32,1,1366 x 768,Android,26
iMEE,,,"₹29,999",43,1,1920 x 1080,Android,26
LG,4,0 ,"₹70,200",55,1,3840 x 2160,,12
iMEE,,,"₹29,999",43,1,1920 x 1080,Android,26
iMEE,,,"₹29,999",43,1,1920 x 1080,Android,26
Mi,4.4,"45,921 ","₹24,999",43,1,1920 x 1080,Google,30
Mi,4.4,"45,921 ","₹22,999",40,1,1920 x 1080,Google,23
smart,,,"₹17,898",40,,1920 x 1080,,28
JVC,,,"₹67,490",65,1,3840 x 2160,Google,32
Mi,4.3,"8,208 ","₹28,999",43,1,3840 x 2160,Google,32
BeethoSOL,4.1,180 ,"₹15,199",43,1,1920 x 1080,Android,69
Power,,,"₹31,899",55,3,3840 x 2160,Android,46
SAMSUNG,4.6,35 ,"₹1,29,990",55,1,3840 x 2160,,38
smart,,,"₹16,899",40,,1920 x 1080,,32
SAMSUNG,,,"₹1,29,990",55,1,3840 x 2160,Tizen,35
Gangnam,4,22 ,"₹16,599",43,1,1920 x 1080,Android,66
XElectron,4,2 ,"₹18,990",43,1,3840 x 2160,Android,45
SAMSUNG,5,1 ,"₹2,23,999",65,1,3840 x 2160,Tizen,19
iMEE,,,"₹69,999",65,1,3840 x 2160,Android,6
Dyanora,4.1,517 ,"₹19,999",43,1,3840 x 2160,WebOS,47
Cellecor,2.9,2 ,"₹16,199",40,2,1366 x 768,Android,37
SAMSUNG,2.3,1 ,"₹3,40,900",65,1,3840 x 2160,Tizen,14
SAMSUNG,4.6,0 ,"₹78,900",55,1,3840 x 2160,Tizen,41
smart,,,"₹16,898",40,,1920 x 1080,,32
iMEE,,,"₹15,499",32,1,1366 x 768,Android,26
Cellecor,,,"₹21,499",43,2,1920 x 1080,Android,40
Cellecor,,,"₹16,999",40,2,1920 x 1080,Android,34
SAMSUNG,4.1,1 ,"₹58,201",43,1,3840 x 2160,Tizen,26
NU,,,"₹31,990",55,2,3840 x 2160,WebOS,50
Mi,4.4,"45,921 ","₹24,999",43,1,1920 x 1080,Google,30
Mi,4.4,"45,921 ","₹22,999",40,1,1920 x 1080,Google,23
SAMSUNG,4.3,48 ,"₹43,861",43,1,3840 x 2160,Tizen,10
NU,,,"₹25,990",43,2,3840 x 2160,,42
Aiwa,,,"₹59,990",43,1,3840 x 2160,Android,
SAMSUNG,,,"₹79,000",55,1,3840 x 2160,Tizen,51
Mi,4.3,"8,208 ","₹28,999",43,1,3840 x 2160,Google,32
BeethoSOL,4.1,180 ,"₹15,199",43,1,1920 x 1080,Android,69
iMEE,3.8,2 ,"₹16,999",32,1,1366 x 768,Android,15
LIMEBERRY,,,"₹46,529",50,1,3840 x 2160,Android,48
Gangnam,4,22 ,"₹16,599",43,1,1920 x 1080,Android,66
XElectron,4,2 ,"₹18,990",43,1,3840 x 2160,Android,45
Lloyd,,,"₹16,490",32,1,1366 x 768,,44
Dyanora,4.1,517 ,"₹24,999",50,1,3840 x 2160,WebOS,43
INVANTER,,,"₹27,990",50,1,3840 x 2160,Android,39
INVANTER,,,"₹31,490",55,1,1920 x 1080,Android,37
Dyanora,4.1,517 ,"₹19,999",43,1,3840 x 2160,WebOS,47
Cellecor,2.9,2 ,"₹16,199",40,2,1366 x 768,Android,37
INVANTER,,,"₹17,490",43,1,1920 x 1080,Android,43
INVANTER,,,"₹34,490",55,1,3840 x 2160,Android,42
Cellecor,,,"₹21,499",43,2,1920 x 1080,Android,40
Cellecor,,,"₹16,999",40,2,1920 x 1080,Android,34
LG,,,"₹35,990",43,1,3840 x 2160,,25
Compaq,4.2,485 ,"₹16,999",43,1,3840 x 2160,Android,63
LG,2.5,1 ,"₹1,88,999",75,1,3840 x 2160,WebOS,33
TCL,,,"₹18,490",32,2,1920 x 1080,Android,11
Mi,4.3,"8,208 ","₹28,999",43,1,3840 x 2160,Google,32
Mi,4.4,"45,921 ","₹24,999",43,1,1920 x 1080,Google,30
iFFALCON,4.3,"3,421 ","₹28,499",55,1,3840 x 2160,Android,59
LG,4.1,3 ,"₹99,999",65,1,3840 x 2160,WebOS,73
Mi,4.4,"45,921 ","₹22,999",40,1,1920 x 1080,Google,23
BeethoSOL,4.1,180 ,"₹15,199",43,1,1920 x 1080,Android,69
SONY,4.9,1 ,"₹1,78,999",65,1,3840 x 2160,Android,20
Haier,3.8,17 ,"₹25,999",50,2,3840 x 2160,Android,52
Hisense,4.3,231 ,"₹31,999",50,2,3840 x 2160,Android,41
Mi,4.3,486 ,"₹20,999",43,1,1920 x 1080,Android,40
Gangnam,4,22 ,"₹16,599",43,1,1920 x 1080,Android,66
XElectron,4,2 ,"₹18,990",43,1,3840 x 2160,Android,45
Haier,4.2,3 ,"₹98,999",65,1,3840 x 2160,Android,33
Mi,4.3,"8,208 ","₹26,999",55,1,3840 x 2160,Android,34
Dyanora,4.1,517 ,"₹19,999",43,1,3840 x 2160,WebOS,47
Cellecor,2.9,2 ,"₹16,199",40,2,1366 x 768,Android,37
SONY,4.6,"1,963 ","₹49,999",50,1,3840 x 2160,Google,41
TCL,4.2,18 ,"₹29,490",32,2,1366 x 768,Android,1
LG,4.4,"1,931 ","₹42,990",50,1,3840 x 2160,WebOS,33
SAMSUNG,4.5,"1,038 ","₹1,28,900",65,1,3840 x 2160,Tizen,
Mi,4.3,"8,208 ","₹28,999",43,1,3840 x 2160,Google,32
Mi,4.4,"45,921 ","₹24,999",43,1,1920 x 1080,Google,30
Hisense,4.2,48 ,"₹40,990",58,1,3840 x 2160,Android,19
PHILIPS,4.1,34 ,"₹18,999",43,2,1920 x 1080,Android,57
Mi,4.4,"45,921 ","₹22,999",40,1,1920 x 1080,Google,23
BeethoSOL,4.1,180 ,"₹15,199",43,1,1920 x 1080,Android,69
Micromax,3.9,7 ,"₹15,499",5,1,1366 x 768,Android,37
Acer,4.5,125 ,"₹31,999",50,3,3840 x 2160,Android,25
Sanyo,4.3,295 ,"₹24,999",49,1,1920 x 1080,,47
OnePlus,4.4,156 ,"₹48,999",55,1,3840 x 2160,Android,29
Gangnam,4,22 ,"₹16,599",43,1,1920 x 1080,Android,66
XElectron,4,2 ,"₹18,990",43,1,3840 x 2160,Android,45
Nokia,4.3,600 ,"₹22,999",43,1,3840 x 2160,Android,53
KODAK,4.3,"1,829 ","₹25,399",50,1,3840 x 2160,Android,25
Dyanora,4.1,517 ,"₹19,999",43,1,3840 x 2160,WebOS,47
Cellecor,2.9,2 ,"₹16,199",40,2,1366 x 768,Android,37
SONY,4.7,78 ,"₹76,830",50,1,3840 x 2160,Google,23
PHILIPS,4.2,31 ,"₹47,999",55,2,3840 x 2160,Android,46
Hyundai,4.1,10 ,"₹30,499",50,1,3840 x 2160,WebOS,60
SAMSUNG,4.3,935 ,"₹15,490",32,1,1366 x 768,Tizen,25
Cellecor,,,"₹21,499",43,2,1920 x 1080,Android,40
Cellecor,,,"₹16,999",40,2,1920 x 1080,Android,34
Nokia,4.3,"3,162 ","₹19,999",32,1,1366 x 768,Android,20
Vu,4.4,"1,699 ","₹30,999",55,1,3840 x 2160,Android,58
Mi,4.4,"45,921 ","₹24,999",43,1,1920 x 1080,Google,30
Mi,4.4,"45,921 ","₹22,999",40,1,1920 x 1080,Google,23
Nokia,4.3,"3,162 ","₹28,999",43,1,1920 x 1080,Android,27
SAMSUNG,,,"₹59,990",55,1,3840 x 2160,,30
LG,4.4,"1,463 ","₹35,999",43,1,3840 x 2160,WebOS,32
Mi,4.3,"8,208 ","₹18,999",43,1,3840 x 2160,Android,34
Mi,4.3,"8,208 ","₹28,999",43,1,3840 x 2160,Google,32
BeethoSOL,4.1,180 ,"₹15,199",43,1,1920 x 1080,Android,69
Vu,4.3,0 ,"₹30,999",43,3,3840 x 2160,Google,43
Hyundai,4.2,7 ,"₹26,990",32,1,1366 x 768,WebOS,
Gangnam,4,22 ,"₹16,599",43,1,1920 x 1080,Android,66
XElectron,4,2 ,"₹18,990",43,1,3840 x 2160,Android,45
TOSHIBA,4.3,171 ,"₹24,999",50,1,3840 x 2160,VIDAA,46
MOTOROLA,4.4,217 ,"₹59,999",55,1,3840 x 2160,Android,
SONY,4.4,22 ,"₹20,302",32,1,1366 x 768,Linux,38
Hisense,4.4,11 ,"₹74,990",70,2,3840 x 2160,Android,37
Dyanora,4.1,517 ,"₹19,999",43,1,3840 x 2160,WebOS,47
Cellecor,2.9,2 ,"₹16,199",40,2,1366 x 768,Android,37
SAMSUNG,4.4,"8,229 ","₹18,900",,1,1366 x 768,Tizen,
SONY,4.5,12 ,"₹65,499",43,1,3840 x 2160,,10
Cellecor,,,"₹21,499",43,2,1920 x 1080,Android,40
Cellecor,,,"₹16,999",40,2,1920 x 1080,Android,34
MOTOROLA,4.3,777 ,"₹20,999",40,1,1920 x 1080,Android,30
Nokia,4.3,393 ,"₹28,999",43,1,3840 x 2160,Android,36
